epoch,time,train/box_loss,train/cls_loss,train/dfl_loss,metrics/precision(B),metrics/recall(B),metrics/mAP50(B),metrics/mAP50-95(B),val/box_loss,val/cls_loss,val/dfl_loss,lr/pg0,lr/pg1,lr/pg2
1,33.7951,1.62125,3.20735,1.88349,0.00046,0.13657,0.00035,0.0001,3.36646,inf,58.5093,0.0644483,0.00348178,0.00348178
2,73.6958,1.77212,2.74,1.99287,0.35108,0.17554,0.01319,0.00585,2.24961,269.629,3.88262,0.028327,0.00676569,0.00676569
3,113.796,1.64705,2.40372,1.87803,0.46487,0.32896,0.302,0.13598,1.67935,4.20835,2.2434,0.00833092,0.00833092,0.00833092
4,153.694,1.51911,2.24768,1.76478,0.63168,0.47468,0.50815,0.2951,1.44105,2.50218,1.80142,0.00803638,0.00803638,0.00803638
5,194.524,1.45559,2.10939,1.71094,0.86458,0.32193,0.4135,0.22459,1.59682,2.62421,2.12406,0.00774183,0.00774183,0.00774183
6,235.077,1.3559,1.91202,1.60755,0.55981,0.34788,0.40443,0.19207,1.84876,4.57176,2.42557,0.00744729,0.00744729,0.00744729
